movie_name,actor,budget,superhit,release_date
Snow on Tha Bluff,Norrie Kassman,$625101.30,true,1/26/2013
"Great Ecstasy of Woodcarver Steiner, The (Große Ekstase des Bildschnitzers Steiner, Die)",Lincoln Waddup,$660483.27,true,1/30/2013
Angel's Leap,Issi Hyman,$119607.11,false,8/23/2016
We're Not Dressing,Shalna Gobell,$341784.35,true,1/3/2014
"Hard Word, The",Frank Penman,$325750.26,false,8/13/2015
"Steamroller and the Violin, The (Katok i skripka)",Ferdinande McConville,$214138.09,false,11/13/2013
"Sticky Fingers of Time, The",Mirabelle Kennealy,$275729.55,true,2/20/2013
For the Bible Tells Me So,Barde Duggen,$837314.98,true,5/21/2019
Identification Marks: None (Rysopis) ,Lurline Coupland,$705639.81,true,7/2/2014
Homeward Bound: The Incredible Journey,Phylys Antoniat,$664060.30,true,11/19/2017
"Front, The",Corrie Bather,$756809.40,true,1/26/2011
How to Lose a Guy in 10 Days,Leela Bulluck,$200423.21,true,1/17/2011
Ants in the Pants 2,Vilhelmina Lindemann,$812274.94,false,5/16/2013
Wadd: The Life & Times of John C. Holmes,Elisabet Greest,$212534.78,true,9/5/2018
"Kind of Loving, A",Claiborne Jephcote,$909360.26,true,8/23/2011
Disturbia,Antonius Fells,$965571.52,true,4/26/2016
Blood Diamond,Adelheid Stanyer,$125208.43,false,2/19/2014
Out of the Fog,Mohammed Sparks,$554663.27,true,8/16/2014
"Paris, I Love You (Paris, je t'aime)",Loreen Kullmann,$957940.34,false,7/8/2011
"Brice Man, The (Brice de Nice)",Karna Hovee,$934587.84,false,8/20/2013
Jason X,Pier Girhard,$255482.13,false,9/24/2015
Lightning Bolt: The Power of Salad,Pascale McBrearty,$571751.63,true,8/15/2010
Michael,Gayle Gorbell,$225433.89,true,10/22/2010
Billy's Hollywood Screen Kiss,Devin Dolphin,$819813.93,true,6/15/2012
Lust for Gold (Duhul aurului),Anjanette Millership,$409630.49,false,3/4/2013
La Soufrière - Warten auf eine unausweichliche Katastrophe,Ganny Bezley,$969254.45,true,6/4/2010
Pelle the Conqueror (Pelle erobreren),Chanda Grabiec,$165816.11,false,6/18/2011
Daddy Day Care,Andris Downie,$807429.49,false,10/19/2014
Images,Morris English,$556414.99,false,7/11/2010
Woodstock Diary,Goraud Kintzel,$798310.59,false,1/26/2012
Gabrielle,Dahlia Pudan,$923818.39,true,6/6/2011
Timeline,Monah Cromblehome,$15359.95,false,12/9/2013
Man on Wire,Shellie Berkelay,$26883.38,true,8/27/2014
Clara's Heart,Antone Woolaghan,$740833.26,true,7/20/2010
Switch,Wenda Bonehill,$279114.59,false,11/9/2014
DEFCON: The Documentary,Elora Mann,$866974.67,false,4/22/2017
Babette Goes to War,Vivianne Burgum,$808243.76,false,10/28/2011
"Return of Mod Squad, The",Jone Augustus,$454302.15,true,1/15/2013
Tango & Cash,Tedmund Leist,$666593.92,false,10/4/2014
Failure to Launch,Zared Crolly,$985399.25,true,4/24/2018
Accident (Yi ngoi),Mitch Terrill,$813467.87,false,11/13/2013
Police,Liana Rosenblatt,$485464.66,true,9/17/2014
"Seventh Sign, The",Levon Deguara,$336521.07,true,1/8/2012
Casa de mi Padre,Dewie Muckersie,$321509.25,true,6/9/2017
The Perfect World of Kai,Fanya Hindmore,$15623.00,true,9/13/2017
Napoleon,Spence Bidnall,$633525.27,true,6/9/2011
I Shot a Man in Vegas,Carver Duce,$667364.90,false,7/12/2018
Mystic Pizza,Roseann St Angel,$724969.14,false,7/13/2011
"Power of Kangwon Province, The (Kangwon-do ui him)",Martino Walkington,$382183.05,false,6/16/2011
Bogowie,Maury Bassindale,$317284.72,true,3/29/2012
Crossing Delancey,Lauraine Link,$429532.79,true,5/17/2016
Little Women,Panchito Sphinxe,$643205.09,false,6/20/2014
Bullies,Camella Delhanty,$110491.79,false,5/4/2012
Opportunity Knocks,Corilla Muggleston,$132208.50,false,2/9/2015
Decision at Sundown,Oliver Braddick,$913198.58,true,11/17/2012
"Believers, The",Broderick Exeter,$659637.80,false,11/23/2018
Kocken,Gertruda Stribbling,$78372.57,true,7/11/2011
Planet Terror,Inger Trenam,$536049.49,false,5/17/2015
Vacation from Marriage,Cory Collisson,$98383.75,true,9/6/2011
For All Mankind,Roda Harmston,$130420.56,false,9/18/2018
Campfire Tales,Alfonso Littlefield,$227038.79,false,1/1/2011
Shortbus,Krystle Trevor,$819574.76,true,12/2/2015
20 Million Miles to Earth,Clerc Dallender,$499683.64,false,9/16/2017
"Ghost Goes West, The",Aurore Oiller,$305748.99,false,6/25/2011
"Masseurs and a Woman, The (Anma to onna)",Lanae Dreghorn,$544588.37,false,6/20/2010
"Perfect Circle, The (Savrseni krug)",Hashim MacAnespie,$518402.65,false,6/7/2017
S.W.A.T.,Ag Danilchev,$882833.29,true,8/20/2016
Argentina latente,Ashely Peek,$491746.04,false,4/25/2013
"Easy Come, Easy Go",Anitra Reisk,$596936.97,false,6/19/2014
Around the World,Melisent Wrennall,$680834.88,true,1/19/2013
Dark City,Lenette Dooney,$111621.82,true,12/18/2012
"Vikings, The",Rhiamon Harnor,$350073.89,false,5/29/2015
Bangkok Dangerous,Dukey Tortoishell,$551756.37,true,4/26/2017
31 North 62 East,Tudor Pratley,$758188.44,false,11/25/2016
The Man Who Loved Yngve,Peggy Mingus,$823240.99,false,7/7/2017
"Robe, The",Joseito Jansson,$810583.83,false,1/8/2015
My Rainy Days,Anastasia Garahan,$682790.61,false,2/9/2012
Nothing Like the Holidays,Norrie Darlison,$803678.80,false,3/25/2015
"Thin Man, The",Sherwynd Gavaghan,$79838.77,true,7/6/2015
Something to Sing About,Land Andrea,$996024.98,false,6/12/2018
"Conquest, The (La conquête)",Nevin Quipp,$382429.26,false,9/2/2011
Déjà Vu (Deja Vu),Fred Robard,$535345.63,true,7/6/2010
Trapped,Benny Hanna,$476310.87,false,5/11/2011
"House of Small Cubes, The (Tsumiki no ie)",Farra Bottoner,$302182.94,false,1/11/2014
John Rabe,Micaela Broader,$123922.53,false,9/1/2015
Little Big League,Norina Foord,$235361.66,true,7/12/2013
"4th Floor, The",Cassy Geeraert,$200031.98,true,7/30/2011
"Big Blonde, The (Iso vaalee)",Lindie Edens,$780893.46,false,10/16/2014
Bloodhounds of Broadway,Roma Laxtonne,$270922.83,true,4/8/2014
"Thrill of It All, The",Kaitlynn Burdas,$76859.88,true,5/8/2012
Imitation of Life,Amye Edser,$116181.83,false,5/23/2011
London Paris New York,Zitella Kleinsmuntz,$558448.70,true,11/17/2011
Northwest,Hyacintha Sargerson,$432685.14,true,5/19/2015
Darling,Tracee Dybbe,$967813.99,true,9/11/2012
Scar,Bert Pavis,$331375.07,true,10/27/2010
Panda! Go Panda! (Panda kopanda),Geoffry Wiltshire,$685154.47,true,7/19/2011
"Guru, The",Harley Coo,$961280.22,true,1/26/2017
The Fox & the Child,Jocko Teare,$454317.84,false,9/16/2010
Three Came Home,Carlo Filinkov,$582699.93,true,10/26/2017
Lauderdale (a.k.a. Spring Break USA) (a.k.a. Spring Fever USA),Alix Barfitt,$607231.73,true,12/17/2018
Borat: Cultural Learnings of America for Make Benefit Glorious Nation of Kazakhstan,Ivor Twelvetree,$40647.36,false,2/26/2014
Beer Wars,Minnie Apfelmann,$331231.07,false,2/4/2014
Ricochet,Halimeda Rubinowicz,$463516.29,false,6/10/2012
No Time For Sergeants,Saba Lonsbrough,$893964.22,false,9/21/2012
Sense & Sensibility,Bryn Alliott,$541464.74,false,2/20/2014
Real Women Have Curves,Renard Couronne,$390000.00,false,4/2/2019
It Boy (20 ans d'écart),Benn Malt,$679976.25,true,7/14/2018
Aces 'N' Eights,Aurie O'Flaherty,$90938.99,false,6/29/2017
Christiane F. (a.k.a. We Children from Bahnhof Zoo) (Christiane F. - Wir Kinder vom Bahnhof Zoo),Ardath Arling,$606093.70,true,5/30/2011
Dead Men Walk,Thaxter Scoffham,$995724.27,true,8/13/2016
Pekka ja Pätkä salapoliiseina,Jasun Mc Menamin,$210324.57,false,6/22/2014
Down in the Delta,Aurelie Mongenot,$242018.22,true,10/13/2010
Marius and Jeanette (Marius et Jeannette),Arlene MacCrosson,$171475.87,true,1/27/2017
Keoma,Spike Warbrick,$537204.96,true,5/19/2014
Into the Arms of Strangers: Stories of the Kindertransport,Ronna Dimitrescu,$333422.61,false,7/23/2010
Alan Partridge: Alpha Papa,Jehu Ilott,$874885.79,false,12/20/2018
Après lui,Sibyl Hasnney,$912709.77,true,7/27/2016
"Queen and I, The (Drottningen och jag)",Tybie Jefferies,$160310.85,true,12/29/2017
"Dark at the Top of the Stairs, The",Clair Gaythorpe,$352300.73,false,8/7/2018
Left Behind: World at War,Anya Paddon,$91907.63,true,11/6/2014
"Carabineers, The (Carabiniers, Les)",Dehlia Moffett,$446971.28,false,4/21/2019
Blankman,Bobby Wrathall,$234303.23,false,11/26/2011
"Honey, We Shrunk Ourselves",Benedikta Vasquez,$660332.95,true,9/26/2014
Sleepwalking,Emmalyn Mudd,$705827.64,true,7/17/2013
"Special Relationship, The",Hanna Guidotti,$45532.35,false,6/22/2017
Reality,Kim Starbucke,$936918.81,false,3/1/2014
To Encourage the Others,Collie Elcoux,$498588.03,false,4/12/2018
I Spit on Your Grave 2 ,Raphaela Cork,$869815.29,true,11/5/2014
Wimbledon,Angie Carbry,$310444.80,false,2/2/2011
Prom,Olivier Bedell,$998901.39,true,1/31/2018
About Elly (Darbareye Elly),Corenda Yegorkin,$173711.24,false,3/18/2014
Loggerheads,Britt Cooper,$746261.84,true,7/10/2016
Battleground,Teodor Beavington,$351019.25,false,10/27/2014
"Lodger, The",Stanford O'Nions,$345574.31,false,4/6/2018
"Hills Run Red, The",Curry Gyngyll,$455860.16,false,6/12/2014
Eva (a.k.a. Eve),Corrie Dalgetty,$907343.78,false,10/15/2018
"Lebanon, Pa.",Randie Plues,$439110.64,true,10/15/2010
Claire of the Moon,Dannie Tuckey,$823526.13,true,1/5/2016
Setup (Set Up),Carree Polamontayne,$520220.71,false,4/21/2014
Kestrel's Eye (Falkens öga),Ardyth Woolfall,$58809.32,false,2/4/2019
"Saltmen of Tibet, The (Salzmänner von Tibet, Die)",Joan Mosedall,$569704.78,false,8/15/2011
Woman in Love (Rubbeldiekatz),Cherise Tabard,$141926.57,true,5/24/2011
Desert Saints,Ralf Dreakin,$153029.92,true,6/12/2015
Deadly Blessing,Peggy Eborall,$117144.56,true,2/23/2013
Water Lilies (Naissance des pieuvres),Justina Hedylstone,$344559.57,true,11/6/2012
True Crime,Ingunna Menauteau,$685685.46,true,8/1/2015
Vital,Jess Hodge,$310626.05,false,6/15/2012
Breakin' All the Rules,Dom Sommers,$221675.08,false,3/17/2015
"Salvation, The",Denver Hesse,$216463.33,false,7/11/2015
First Shot,Dody Byas,$890554.62,false,2/23/2016
Insidious: Chapter 2,Sandy Rodder,$840126.54,false,11/10/2010
Why Not Me? (Pourquoi pas moi ?),Kimberli McCue,$354148.01,true,11/24/2017
Damnation (Karhozat),Bradly Freeborne,$124981.07,true,3/2/2018
Beats Being Dead (Dreileben - Etwas Besseres als den Tod),Curtis Shuard,$769799.94,false,12/1/2015
"Candidate, The (Kandidaten)",Tynan Kearsley,$70441.62,true,4/7/2016
Big Bad Mama II,Esta Cocklie,$127190.84,false,5/17/2011
The Fearless Four,Kimbra Winborn,$397495.55,false,4/18/2016
Santos,Ailyn Fairey,$358950.32,false,8/9/2017
Battlestar Galactica,Norma Swyer,$620257.24,false,3/12/2015
Solaris (Solyaris),Olin Feeny,$713828.24,true,1/14/2013
"Machinist, The (Maquinista, El)",Andrey Abbie,$336355.71,false,6/27/2013
Fright Night Part II,Adelbert Corris,$358476.54,true,7/8/2013
Konga,Sergei Calendar,$641280.10,false,6/18/2010
Birdcage Inn (Paran daemun),Kenneth MacSwayde,$893915.35,false,11/19/2010
"Law of Enclosures, The",Kaylyn Basnett,$732829.78,false,6/27/2012
Abominable,Logan Burt,$141620.51,false,6/10/2010
"White Reindeer, The (Valkoinen peura)",Hetty Morat,$864867.07,true,2/10/2018
At Play in the Fields of the Lord,Natala Meldon,$719213.52,false,3/7/2015
Frisco Jenny,Luce Berrey,$785289.53,false,10/21/2018
Pastoral Hide and Seek (Den-en ni shisu),Martynne O'Leahy,$525210.73,false,11/27/2018
Outlander,Marlee Beggs,$436279.19,true,6/29/2017
"Witchfinder General (Conquerer Worm, The)",Harald Samms,$518656.62,true,10/10/2015
Breaking Wind,Melodie Bonnette,$546954.46,false,10/24/2014
"Last Mistress, The (vieille maîtresse, Une)",Doe Bascombe,$498692.28,false,5/19/2011
Stay Tuned,Olvan Carmichael,$584691.55,true,7/26/2010
Wonderful World,Ernaline Hegg,$221193.97,true,3/2/2015
"Knack ...and How to Get It, The",Elwira Guynemer,$267247.16,false,8/30/2014
L.I.E.,Ara Ivons,$243830.11,true,6/27/2013
All the Queen's Men,Teddy Coverley,$468671.47,true,3/13/2016
Truly Human (Et rigtigt menneske),Elenore Popley,$475459.21,false,10/23/2013
These Girls,Hadria Pooley,$580091.80,true,7/7/2013
"Nanny, The",Abagail Zolini,$690335.63,true,8/28/2012
Fausto 5.0,Felita Sitford,$962269.62,true,1/23/2014
Tactical Force,Nathan Wyatt,$829787.87,false,8/19/2015
Tenchi: The Samurai Astronomer,Delphinia Casaccio,$352570.71,false,9/19/2012
Basket Case,Laverna Ousby,$36428.73,true,10/19/2017
Aakrosh,Elihu Pedri,$584426.49,true,2/11/2018
Koch,Denny Skentelbery,$407887.10,true,9/15/2017
Machete Maidens Unleashed!,Kevon Colerick,$270353.26,false,3/4/2012
"Dangerous Profession, A",Hayes Nutter,$131451.84,false,6/24/2010
Fire in Castilla (Tactilvision from the Moor of the Fright),Deidre Greenslade,$745175.61,true,10/7/2015
Miss Nobody,Tyrus de Guerre,$248747.36,true,8/29/2017
Daffy Duck's Movie: Fantastic Island,Lynnett Klejin,$764774.72,false,2/21/2015
Harrison Bergeron,Eddy Kubyszek,$68266.51,false,3/23/2016
Dream Boy,Ernesto Cottesford,$411236.34,true,6/28/2017
Common,Amalea Jellis,$854242.12,false,11/20/2017
Io Island (Iodo),Bethena Harradine,$398139.88,false,6/19/2013
Dan in Real Life,Dalis Overstone,$89882.86,false,8/15/2016
"Andalusian Dog, An (Chien andalou, Un)",Mickey Quenby,$947917.54,false,8/19/2015
Dark Woods (Villmark),Jorrie Westbury,$433107.82,true,3/17/2014
Sea of Love,Prentice Jantel,$447775.73,false,4/22/2011
Battle Royale (Batoru rowaiaru),Claudette Sighart,$281137.76,false,5/28/2013
Deadline,Giralda Proom,$636006.09,false,12/4/2011
Slackers,Romola Fullylove,$315707.30,false,12/20/2012
Head Above Water,Shane Coite,$565874.67,false,9/19/2014
Trust,Carline Draysay,$478438.27,false,8/5/2013
Night of the Running Man,Arte Pymer,$931800.38,true,9/18/2012
Ordinary Decent Criminal,Evy Hebdon,$367617.45,true,8/9/2013
The Magnificent Gladiator,Aleda Jorczyk,$449469.74,false,12/17/2018
Civic Duty,Adrea Bauldrey,$137607.53,false,11/1/2017
Red Scorpion,Chevalier Gehricke,$990121.80,true,12/27/2010
Shopping,Reinhard Shirer,$140595.76,false,3/2/2018
Garden Party,Noellyn Redfern,$544811.81,false,4/28/2013
"Cabinet of Dr. Caligari, The (Cabinet des Dr. Caligari., Das)",Verla Ungerecht,$441337.65,false,10/10/2018
The Conrad Boys,Chad Jemmett,$371121.08,false,9/5/2011
Blood Done Sign My Name,Jacobo Wallworke,$379623.78,true,9/16/2012
Happy We (Två killar och en tjej),Leo Casero,$132010.05,false,2/6/2012
Raspberry Boat Refugee,Fiorenze Terrans,$492259.80,true,5/25/2019
"Big Sleep, The",Dmitri Yeatman,$883371.20,false,11/10/2015
"Story of Maths, The",Ibbie Matissoff,$559287.05,true,4/10/2012
Jiro Dreams of Sushi,Nolana Prott,$362032.26,true,4/26/2019
Jesse Stone: Night Passage,Gill Hambly,$870292.83,true,3/22/2018
Dragon Lord (a.k.a. Dragon Strike) (Long Xiao Ye),Chen Prosser,$379336.18,false,8/30/2012
Extreme Justice,Jedd Dobbins,$930282.19,true,2/23/2014
Teenage Mutant Ninja Turtles,Abagael Seeborne,$252954.74,true,9/27/2018
Xanadu,Dorian Wilderspoon,$738415.80,true,8/26/2012
"Code Conspiracy, The",Alma McGeagh,$308467.57,false,2/4/2012
Soft Fruit,Devina Ivamy,$799770.68,true,10/7/2010
Men in Black II (a.k.a. MIIB) (a.k.a. MIB 2),Lalo Culp,$905526.76,false,10/31/2013
Lucky,Kelvin Cotilard,$380479.34,false,1/26/2019
Are You Listening?,Kerrill Hawford,$937441.00,false,11/5/2017
From One Second to the Next,Malcolm Ballintime,$773686.04,true,7/12/2015
"Welcome Back, Mr. McDonald (Rajio no jikan)",Sidoney Kamall,$596358.68,false,4/9/2016
Arn: The Kingdom at Road's End (Arn: Riket vid vägens slut),Allistir Crippell,$963333.44,false,3/3/2015
"Brotherhood, The",Davide Wollen,$331018.44,true,2/12/2013
Hoot,Karyn Selwin,$749850.19,true,5/3/2011
Wild Tales,Barnard Uccello,$467196.75,false,4/19/2014
Meu Passado Me Condena: O Filme,Cornell Piggins,$298600.62,false,1/17/2013
Man About Town,Ulrica Orr,$188295.65,true,7/14/2015
"Dead Girl, The",Kalle Dowle,$216985.56,false,4/30/2018
Didier,Talya Wainscoat,$826250.54,true,3/24/2019
Mean Streets,Sallee Grills,$229758.17,false,7/7/2013
Here Comes the Navy,Miriam Tarbet,$210671.82,true,3/8/2018
Serrallonga,Mona Pearl,$889476.35,true,8/18/2011
Mighty Aphrodite,Jillene Garlicke,$96950.60,true,7/31/2015
Photos in the City of Sylvia (Unas fotos en la ciudad de Sylvia),Jean Ripper,$547913.19,false,8/4/2011
Kajaki,Charlotta Blakeney,$48636.93,false,7/22/2017
God Is Brazilian (Deus É Brasileiro),Elizabeth Redmile,$802089.26,false,12/26/2017
Land Before Time III: The Time of the Great Giving,Laughton Tunniclisse,$934535.44,false,11/2/2011
Mad Dog Coll,Angie Tilford,$135193.99,true,1/22/2019
Flamenco (de Carlos Saura),Minnaminnie Billington,$804408.61,true,11/28/2016
Cats,Wilton De Santos,$763873.87,false,12/21/2010
Fans,Augie Feldmark,$140833.46,false,3/8/2013
The Uninvited Guest,Percival Kingcote,$194192.29,false,11/18/2015
Enemy at the Gates,Roxi Mechi,$619763.30,true,8/9/2016
Project A 2 ('A' gai wak juk jap),Vere Bennetto,$941078.05,false,2/15/2013
Stones in Exile,Liam Middlehurst,$699136.67,false,5/13/2015
"My Daughter, the Socialist (I kori mou, i sosialistria)",Dorolisa Jurn,$596015.95,true,9/14/2018
Humoresque,Robinett Bygott,$555158.75,false,9/3/2012
"Vicious Kind, The",Lawry Daice,$624117.55,false,8/10/2017
Somebody to Love,Paige Bartelot,$11945.52,true,2/22/2012
"Witches, The",Aleksandr Braddon,$712944.27,false,10/7/2018
"Yakuza, The",Devy Gabriel,$391068.71,true,7/9/2013
District 13: Ultimatum (Banlieue 13 - Ultimatum),Neila Mullett,$387294.91,false,8/6/2016
Big Bad Mama II,Abbey Locker,$279409.99,false,3/16/2019
"Producers, The",Janie MacKellen,$738384.39,true,11/6/2015
"Match King, The",Ronna Eschalotte,$966795.88,true,4/22/2015
Enemies: A Love Story,Ludvig Tokley,$285529.31,false,2/17/2013
"Book of Stars, The",Sosanna Mungin,$408485.00,false,3/24/2012
Peeping Tom,Garvin Colgrave,$213958.83,false,4/16/2018
"Isle, The (Seom)",Flor Stansbie,$333190.31,true,10/6/2017
"Woman Next Door, The (Femme d'à côté, La)",Shalom Esselen,$412608.66,false,2/1/2017
Liv & Ingmar,Frannie Antao,$24023.81,true,10/11/2014
Point Blank (À bout portant),Devland Beacroft,$259556.70,true,3/9/2014
Killing Them Softly,Charlotte Petyakov,$565700.53,false,4/29/2017
"Rocketeer, The",Lee Vamplew,$953116.65,true,7/13/2018
The Lazarus Effect,Joeann Sent,$433153.90,false,5/16/2011
44 Inch Chest,Karyn Leake,$654457.60,true,11/9/2014
"Siffleurs, Les (Viheltäjät)",Derron McPhilemy,$334795.92,false,2/1/2016
Memphis Belle,Amil Segges,$430619.25,true,3/14/2016
Painted Skin,Fredra Swansborough,$588944.72,false,3/12/2019
Harmony and Me,Hayden Fowley,$336773.35,false,8/4/2013
Beyond Hypothermia (Sip si 32 doe),Auria Giron,$296162.49,false,10/15/2010
Voices from the List,Marja Gresty,$572478.65,true,5/5/2011
Sword of Desperation (Hisshiken torisashi),Amory Roofe,$98288.46,false,2/9/2012
Take Me Home Tonight,Alene Prandi,$966663.51,false,8/10/2015
Get Yourself a College Girl,Christa Rape,$477820.89,true,8/27/2011
Against The Sun,Juana Pobjoy,$444942.58,true,5/9/2012
Peacock,Ber Patrie,$122832.08,true,7/28/2018
Leo the Last,Abramo Filde,$613954.27,true,8/23/2011
Blow Out,Sherie Crossby,$611955.01,false,7/8/2013
Genghis Khan,Erv Bugge,$428061.64,true,1/18/2017
"Alan Smithee Film: Burn Hollywood Burn, An",Shurlock Terrans,$962376.69,false,8/1/2010
"I Want a Dog for Christmas, Charlie Brown",Miltie Nolda,$511898.01,false,10/28/2018
Inside,Guntar Hamly,$992700.46,true,3/6/2013
"Mystery, Alaska",Foss Rowlings,$530475.36,true,2/20/2017
"Turning Point, The",Almeria Bedwell,$276486.69,false,3/5/2013
"Horseman, The",Dell Bazire,$401883.01,false,8/22/2016
Beautiful Lies (De vrais mensonges) (Full Treatment),Franchot Keetley,$607356.91,true,10/6/2017
Dr Money and the Boy with No Penis,Jake Ody,$659985.54,true,2/4/2019
Runner Runner,Daveen Thirwell,$429734.67,true,1/31/2013
Hi Diddle Diddle,Asa Bultitude,$393272.47,true,7/28/2011
Stranger Than Paradise,Barbabra Gemelli,$188454.32,false,4/7/2018
Visioneers,Lona Reany,$339404.40,true,2/22/2015
Pokemon: The Movie 2000,Tymothy Neate,$669431.12,false,10/13/2017
"Man Who Planted Trees, The (Homme qui plantait des arbres, L')",Melessa McGurn,$666646.10,false,10/5/2016
Love Is the Devil,Marcile Boerderman,$947697.34,false,9/30/2015
My Week with Marilyn,Gael Killiner,$538906.00,true,11/12/2016
"5th Musketeer, The (a.k.a. Fifth Musketeer, The)",Vivian Regina,$610563.47,false,4/24/2013
"Anniversary, The",Clio Woodvine,$441751.04,true,4/24/2016
Assault on Precinct 13,Cherye Headech,$176645.10,true,12/22/2013
"Perfect Host, The",Steffane McGannon,$156297.80,true,9/2/2012
Sexual Predator,Chrissy Burne,$427544.32,true,3/25/2011
Haywire,Ara Slatter,$619461.18,true,7/23/2011
Eye of the Dolphin,Jacques Broderick,$62746.29,true,2/26/2016
My Life as McDull (Mak dau goo si),Kylynn Copping,$999329.93,false,1/16/2011
Analyze This,Timmie Askew,$52956.06,true,6/3/2018
One Chance,Zorine Thaller,$200027.78,false,6/20/2012
Late Marriage (Hatuna Meuheret),Marie-jeanne Adamiak,$739106.22,false,6/29/2018
Mark of the Vampire,Dorthy Germon,$548182.49,false,12/10/2017
Killing Us Softly 4: Advertising's Image of Women,Skipton Kondratowicz,$486782.53,true,1/5/2012
"Howards of Virginia, The",Charlean Aldington,$457122.74,true,11/29/2018
10 Rillington Place,Christiano Gibbetts,$781546.64,false,1/28/2011
Psycho,Clayborn Scopes,$300716.64,false,5/6/2015
"Kids Are All Right, The",Eugenia Rozea,$369936.91,true,12/9/2010
Transsiberian,Kayne Hawson,$166651.76,true,10/28/2016
"Mirror, The (Ayneh)",Belita Seys,$116874.86,false,8/5/2011
Shark Alarm at Müggelsee (Hai Alarm am Müggelsee),Phil Crayker,$425315.37,false,2/21/2015
Babar The Movie,Brennen Ashurst,$688292.01,false,8/29/2011
Vitus,Kasper Scarisbrick,$542631.78,false,11/14/2012
Africa Screams,Benito Rodda,$383173.20,true,9/26/2010
Simon Sez,Karee Ikringill,$132145.18,true,4/24/2014
It Runs in the Family (My Summer Story),Noellyn Wolfarth,$715981.28,false,12/14/2012
Ask Me Anything,Marshall Guilder,$74539.97,true,7/28/2012
Oblivion,Lannie Van der Kruis,$575620.91,false,8/5/2012
"Second Chance, The",Alphard Knoble,$401220.89,false,12/9/2011
Wall Street: Money Never Sleeps,Corabel Pauluzzi,$655240.32,false,6/8/2015
"Karate Kid, The",Shelley Gilley,$205669.97,true,6/22/2017
Adventures in Babysitting,Sidney Leate,$471550.54,true,10/14/2013
9 Month Stretch (9 mois ferme),Lief Cumbers,$914494.46,true,10/3/2012
"Presentation, or Charlotte and Her Steak (Présentation ou Charlotte et son steak)",Tully Chinge de Hals,$198477.95,true,3/8/2011
I.O.U.S.A. (a.k.a. IOUSA),Arnoldo Philott,$323726.01,false,6/1/2017
Russian Ark (Russkiy Kovcheg),Kali Bolesma,$974914.28,false,2/12/2015
"Other Side of Midnight, The",Della Jeacop,$658482.99,false,9/23/2014
Hester Street,Reagen Schistl,$64234.27,false,8/1/2014
"Plough and the Stars, The",Korrie Monketon,$736069.75,false,8/29/2012
Koran by Heart,Jeffy Bryenton,$208818.46,true,11/15/2010
Kiki,Ainsley Eykelbosch,$427099.00,true,6/13/2011
Salvatore Giuliano,Lawrence Mattei,$928048.12,true,2/24/2015
"Brothers Solomon, The",Stearne Acklands,$378529.20,true,7/30/2017
Cross of Iron,Brant Romagnosi,$24399.97,false,7/2/2015
Sons of Perdition,Sylvester Coveney,$15429.29,true,1/1/2018
Scaramouche,Margette Simko,$604203.79,false,6/8/2013
Fires Were Started,Kata Lindman,$278548.29,false,12/19/2012
"Amelie (Fabuleux destin d'Amélie Poulain, Le)",Franz Strick,$344774.45,false,1/6/2018
"Other Boleyn Girl, The",Mendie Hillum,$100672.58,false,2/4/2018
When Love Is Not Enough: The Lois Wilson Story,Thaine Shipley,$273815.77,true,11/19/2018
Spirit Trap,Berry Tumbridge,$59407.36,false,2/14/2012
Joyful Noise,Clovis MacGregor,$694530.80,false,6/30/2017
Meet the Fockers,Tadio Jannaway,$396854.68,true,10/15/2014
RKO 281,Eolande McCandless,$295590.87,false,9/29/2012
Citizen X,Jaye Diben,$335404.84,false,7/26/2014
Black Girl (La noire de...),Madel Emerine,$216990.72,false,8/19/2010
Jab We Met,Bendick Jewess,$76856.66,false,4/20/2011
"Ring Two, The",Irwinn Hek,$405604.24,true,6/21/2018
Patton Oswalt: Werewolves and Lollipops,Lucias Tremmel,$105909.69,false,4/26/2017
They All Lie,Larisa Prophet,$573439.88,false,9/3/2012
The Two Policemen,Maxine Davitashvili,$91976.94,false,4/15/2012
Thanks for Sharing,Terrence Raubenheim,$222665.11,true,5/15/2013
"Student Prince in Old Heidelberg, The",Chad Rosenwald,$305136.35,false,7/25/2013
Black Knight,Ezechiel Baigrie,$812405.79,false,8/27/2010
"Raiders of Atlantis, The",Jaymee Younie,$150437.07,false,1/6/2011
Poultrygeist: Night of the Chicken Dead,Pearce Daveridge,$311650.17,true,4/25/2013
Harmony and Me,Clementius Fydo,$220989.74,true,5/28/2011
Beach Party,Theodosia Ulyet,$435091.36,false,6/2/2018
Boo to You Too! Winnie the Pooh,Ddene Tansill,$257892.71,true,2/22/2015
"Bachelor Party, The",Nisse Frude,$906797.15,false,4/30/2014
Relative Fear,Teddi O'Hengerty,$614517.19,true,3/12/2019
The Stanford Prison Experiment,Dominga McLanaghan,$401579.64,false,1/20/2014
"One and Only, The",Izabel Dunguy,$697197.67,false,1/5/2017
Chasing Beauty,Bernardo Gethin,$988082.15,true,5/17/2011
"Shock Doctrine, The",Florella Ewings,$957499.58,false,9/26/2018
Dark Touch,Ernestine Markl,$204346.55,false,12/9/2010
Damien: Omen II,Addia Eastment,$879712.85,true,10/3/2014
Tai Chi Master (Twin Warriors) (Tai ji: Zhang San Feng),Montague Hully,$584890.12,true,6/15/2014
Kiss of Death,Teressa Swallow,$946832.68,false,5/8/2012
Gunnin' for That #1 Spot,Stafani Dole,$413920.51,true,2/16/2014
Crime After Crime,Garek McSperron,$957397.34,false,10/17/2011
13Hrs,Celia MacScherie,$72507.29,true,4/1/2016
On Dangerous Ground,Esther Northill,$188661.94,false,6/5/2010
Cromwell,Olly Pavkovic,$740712.83,false,8/18/2011
"Waterdance, The",Lory Scoble,$92837.40,false,2/3/2013
Cashback,Harald MacSorley,$611205.14,true,12/28/2012
Chimpanzee,Tarah Thorneloe,$624699.97,false,9/7/2012
Killers,Tallia Barkes,$518122.96,true,2/12/2019
Departures (Okuribito),Winslow Heinle,$677844.85,true,4/9/2015
Rebecca,Kaia Mar,$928932.42,true,2/10/2012
Guyana Tragedy: The Story of Jim Jones,Ulrica Seedman,$207426.34,true,6/28/2017
Operation Crossbow,Lula Tremblot,$647016.53,false,2/16/2016
Nana,Suki Scotchmor,$386758.14,false,12/6/2018
I'm Not Scared (Io non ho paura),Harriett Radwell,$80553.66,true,11/16/2018
National Lampoon's Pucked,Halsey Combe,$307140.95,false,2/16/2017
Olympia Part Two: Festival of Beauty (Olympia 2. Teil - Fest der Schönheit),Tann Peter,$429224.49,false,8/2/2015
Inspector Gadget,Findley Foldes,$444729.07,true,4/9/2016
Separate Lies,Tarra Surgood,$316815.75,false,10/28/2017
Moonlight and Valentino,Remus Tolson,$962247.99,true,7/3/2018
Fetishes,Freddi Whitfeld,$12813.03,true,6/25/2015
Flashdance,Tiffany Nardoni,$285904.33,false,8/24/2017
My Week with Marilyn,Polly Tellenbroker,$582767.77,true,12/11/2016
Black Sunday (La maschera del demonio),Robinetta Phayre,$691074.12,false,8/7/2015
Hiroshima ,Rozalie Tasseler,$625260.15,true,6/21/2011
Erasing David,Beltran Riedel,$27834.30,true,10/7/2013
Moonwalker,Filip Quinnell,$396570.10,false,1/19/2011
Critical Care,Frannie Corssen,$191443.38,false,8/13/2017
Frontrunners,Bordie Marjoram,$967196.15,true,7/30/2010
"Promise, The (La promesse)",Cullen Bootell,$546739.82,false,1/27/2018
Gangster No. 1,Eilis Marshland,$431346.66,false,11/15/2017
Klimt,Lorette Giorgione,$347834.28,true,4/28/2014
Love is Eternal While It Lasts,Sharlene Gerrels,$401302.23,true,2/7/2015
Arcana,Burg Dunstall,$671533.67,true,4/19/2011
Bang Bang,Adelina Schaumann,$203476.35,false,8/30/2013
"Kingdom, The",Lorna Depport,$441550.17,false,4/6/2011
Edge of Seventeen,Clareta Corner,$732143.91,false,4/30/2019
Hudson Hawk,Sandra Bowkett,$609517.97,false,9/17/2012
Rebound,Nessy Faragher,$988096.80,false,3/7/2014
"Duck, You Sucker (a.k.a. Fistful of Dynamite, A) (Giù la testa)",Danice Fewell,$764477.49,false,2/25/2015
I Love You Phillip Morris,Kacey Ruberti,$678516.08,false,1/27/2013
Age of Tomorrow,Micaela Baus,$658463.18,false,11/15/2010
"Man Who Saw Tomorrow, The",Sheba Ascrofte,$249158.22,false,4/5/2018
Moloch (Molokh),April Scougal,$890944.90,false,5/1/2012
"Further Gesture, A",Terry Player,$316871.78,false,7/28/2013
"Pure Formality, A (Pura formalità, Una)",Marcia Blampy,$123940.07,false,3/21/2015
Judex,Skipp Alabastar,$978795.83,false,2/23/2019
Modern Boy (Modeon boi),Antonie Neeve,$737019.90,true,10/12/2012
"Villain, The (Ek Villain)",Cordey Boman,$628985.64,false,6/15/2014
Wanda,Laverne Sidary,$121693.85,false,3/10/2013
Cecil B. DeMented,Beau Leuty,$842337.33,false,9/27/2016
Bury My Heart at Wounded Knee,Bebe Toye,$29760.54,false,2/1/2011
You Ain't Seen Nothin' Yet (Vous n'avez encore rien vu),Roslyn Persey,$156299.61,false,4/1/2013
High Hopes,Deerdre Riccard,$161846.58,false,3/21/2014
Number Two (Numéro deux),Bink Armour,$125294.37,false,8/13/2010
Vampire's Kiss,Dal McCuish,$344893.93,false,4/3/2014
Crooked Arrows,Harley Moverley,$502226.27,true,11/28/2013
Cthulhu,Erny Gethins,$146167.13,false,9/5/2013
Mulholland Drive,Dot Moller,$684234.06,false,7/12/2015
"Reef, The",Dosi Bissell,$687641.88,false,11/2/2013
"Carry On, Constable",Candace Castano,$870425.39,true,8/27/2013
Bonfire of the Vanities,Elijah Schoffler,$562090.89,true,5/6/2013
Bending the Rules,Elisabeth Adam,$128959.36,true,11/11/2014
El Robobo De La Jojoya,Kania Vorley,$745520.66,true,4/25/2013
"Paper, The",Gauthier Oxteby,$499011.52,false,7/23/2017
Smashing Time,Casper Kilsby,$181249.38,true,5/23/2015
Moolaadé,Oswell Esselen,$326834.27,true,1/25/2018
Hardcover,Elli Wicken,$941951.49,false,1/28/2011
"White Ribbon, The (Das weiße Band)",Vaughn Philippault,$431242.90,false,12/24/2010
Combat Shock,Aeriel Arens,$580969.84,false,4/27/2018
My Mother and Her Guest (Sarangbang sonnimgwa eomeoni),Lorain Joyson,$489336.50,false,1/7/2019
"Comfort of Strangers, The",Ruttger Lasselle,$954794.96,false,8/1/2017
Look Who's Talking Now,Parsifal Kinsella,$320721.22,false,5/18/2011
Eddie Murphy Raw,Jocelyn Giffaut,$423892.90,true,3/13/2011
Diary of a Wimpy Kid,Gallard Selcraig,$57405.53,false,6/22/2013
War of the Buttons,Zorine Tytler,$984961.31,true,1/3/2017
"Cantante, El",Baxie Boydon,$606734.58,true,6/12/2015
Dog Soldiers,Babbie Maty,$950496.55,true,10/25/2011
"Thieves (Voleurs, Les)",Tami Miskin,$423980.10,false,4/21/2019
Five Dedicated to Ozu,Jenn Cave,$295970.26,false,6/14/2016
Far Out Isn't Far Enough: The Tomi Ungerer Story,Iago Tookill,$115570.64,false,3/21/2016
"Ay, Carmela! (¡Ay, Carmela!)",Gretal Clewlowe,$672763.67,true,10/7/2014
Zenith,Ezekiel Fallowes,$338470.24,true,11/30/2010
"Rites of May, The (Itim) ",Price Boxen,$718683.78,true,12/10/2012
Dracula's Daughter,Merry Benger,$723270.70,false,3/3/2014
"Wife, The",Dacia Coltan,$102091.53,true,3/22/2013
Deficit (Déficit),Leonidas Delany,$294514.89,true,1/8/2015
"Bridge, The (Die Brücke)",Denis Ordelt,$157993.71,true,11/5/2013
Beyond Rangoon,Mikkel Leebeter,$171307.62,true,9/6/2015
This Is England,Hilda Prydie,$682880.02,true,2/15/2011
Samurai III: Duel on Ganryu Island (a.k.a. Bushido) (Miyamoto Musashi kanketsuhen: kettô Ganryûjima),Violette Greenstreet,$680415.08,false,10/25/2013
"Night of the Shooting Stars (Notte di San Lorenzo, La)",Schuyler Ziems,$155100.37,false,2/21/2011
Voyage to the End of the Universe (Ikarie XB 1),Inger Gillespie,$295735.31,true,11/10/2015
"Notorious Bettie Page, The",Cletus Perell,$662754.75,false,9/28/2014
"Nightmare on Elm Street 3: Dream Warriors, A",Jessy Pryce,$540602.88,true,7/29/2013
V/H/S/2,Shermie Sinkin,$893927.70,true,12/2/2011
Zazie dans le métro,Kariotta Gauvin,$904537.75,true,6/6/2013
Warriors of Virtue,Deck Cameron,$134222.58,true,8/14/2017
Hella W,Carine Kemwall,$390863.89,false,3/17/2017
"Dragonphoenix Chronicles: Indomitable, The",Mackenzie Tomek,$201701.63,false,5/31/2011
"Fan, The",Lara Cavie,$700721.89,true,11/27/2013
"Patriot, The",Amil Horder,$666503.53,true,2/10/2013
Two Loves,Edgar Slaght,$59580.61,true,7/15/2010
Enemy of the State,Mile Iglesia,$393821.55,true,5/12/2013
"Thin Man, The",Raul Kobelt,$303003.78,false,9/26/2018
"Wild Thornberrys Movie, The",Bella Cramb,$119644.73,false,2/14/2017
Illustrious Corpses (Cadaveri eccellenti),Lisabeth Strutz,$984629.87,true,11/30/2015
Jim Jefferies: Fully Functional (EPIX),Launce Plampeyn,$331602.85,true,9/30/2012
Cop in Drag,Delora Ragborne,$747270.50,false,2/2/2016
In Praise of Older Women,Louisette Maunders,$115984.79,true,12/13/2018
Deceived,Judy Georgi,$900611.68,true,5/5/2014
Thirst (Bakjwi),Frankie Siseland,$709299.49,false,4/7/2011
Mad Love,Krispin Spancock,$310718.33,true,3/22/2012
Two in the Wave,Virgilio Benley,$982875.23,true,5/23/2012
Cathy Come Home,Tandie Danahar,$487790.20,true,1/5/2018
Young Again,Nyssa Glavis,$399613.44,true,7/28/2015
"Tomb, The",Anette Andreichik,$900419.24,true,2/5/2012
Grace Unplugged,Derrek Greenough,$210300.60,true,3/12/2019
Fear Strikes Out,Cedric Athey,$923950.02,true,5/14/2018
Max Payne,Mersey Bachman,$69080.08,true,7/10/2016
Moebius,Kirbee Crim,$218201.66,false,3/6/2018
Welcome Farewell-Gutmann (Bienvenido a Farewell-Gutmann),Heinrik Faccini,$116264.65,false,3/20/2016
Perfect Stranger,Elisabet Heckney,$304663.69,false,8/20/2013
Captive Women (1000 Years from Now) (3000 A.D.),Gray Yakovlev,$882104.26,false,9/17/2011
Arena,Gerda Lawrenceson,$690977.13,false,10/6/2011
Make Way for Tomorrow,Norman Crowther,$818974.26,false,5/8/2015
Hysterical Blindness,Alanah Elsop,$413394.54,false,3/3/2019
"Snake Pit, The",Kirby Middlemist,$484647.53,true,4/10/2017
Goemon,Edi MacCostye,$722068.79,false,8/12/2011
For Love or Money,Deb Tobias,$538960.83,true,8/13/2017
Speed Racer,Margeaux Gulliford,$498859.14,true,5/8/2011
Don't Tell Mom the Babysitter's Dead,Kissee Smoughton,$44765.36,true,5/7/2012
7 Dwarves: The Forest Is Not Enough,Inger De Miranda,$650822.24,true,2/21/2015
Harry Brown,Derrick Cummungs,$966399.42,true,1/5/2013
Lock Up,Aleda Bock,$823190.63,true,11/4/2017
There Goes My Baby,Kendell Walsham,$216790.05,false,9/4/2015
Killer Force,Alanson Organer,$732693.99,true,8/10/2016
Detective Dee and the Mystery of the Phantom Flame (Di Renjie),Moses Minchinton,$114209.99,true,12/17/2017
"Matador, The",Brunhilda Dukesbury,$677972.98,true,11/22/2011
Super Duper Alice Cooper,Tedmund Wallsworth,$770194.35,false,2/18/2019
Interview with the Assassin,Donia Dubble,$406796.18,true,8/19/2018
Sexual Life,Florencia Mulberry,$950796.69,false,7/13/2016
Confessions of a Burning Man,Elbertina Simonite,$83907.09,true,2/17/2011
Pretty Cool,Jemimah Bastide,$769979.64,true,6/2/2015
Barbie: A Perfect Christmas,Cher Pearl,$424726.82,true,5/2/2011
Suur Tõll,Elinor Lowmass,$121419.79,false,12/6/2010
Leave,Tasha Lowy,$470154.77,true,4/2/2015
"Day of the Jackal, The",Nye Grundwater,$955862.88,true,5/18/2019
Amer,Giffard Newnham,$608273.98,true,10/26/2011
"Enemy of the People, An (Ganashatru)",Eleanora Kuschek,$505510.65,true,9/30/2011
Results,Addison Kyd,$117378.26,false,7/27/2014
Upstairs and Downstairs,Tony Murray,$433938.96,true,7/26/2011
Siberia,Aksel McCorrie,$462104.81,false,7/24/2012
Dean Spanley,Arlinda Nutbeem,$939194.13,true,10/21/2015
Never Give a Sucker an Even Break,Dory Horley,$200179.08,true,10/28/2013
"Woman's Tale, A",Hattie Hayford,$867952.32,false,7/13/2013
American Crude,Scottie Yearsley,$938296.07,true,9/24/2015
Thieves by Law (Ganavim Ba Hok),Berkley Harmant,$787192.42,true,12/27/2016
100 Bloody Acres,Jordain Battison,$274703.73,true,3/24/2017
Mrs. Palfrey at the Claremont,Kelsey Barsam,$209877.66,false,11/10/2014
Transformers,Darn Becraft,$926672.36,false,7/17/2016
Chris Rock: Bring the Pain,Blair Dorran,$14806.18,true,10/10/2012
Killers,Sadella Gildroy,$871190.90,false,8/20/2015
B*A*P*S,Cristi Lippett,$573649.71,true,7/13/2010
16 Years of Alcohol,Katinka Kienzle,$831780.31,false,5/3/2016
Superman,Binky Oselton,$77961.07,false,7/1/2018
That Uncertain Feeling,Innis Gheorghie,$178684.69,false,3/8/2013
"Initiation, The",Mackenzie Maric,$14428.41,false,11/28/2010
Returner (Ritaanaa),Dianna Meredyth,$56029.01,true,9/10/2011
"Legend of Lizzie Borden, The",Stoddard Bolstridge,$582155.80,true,5/8/2017
Monster in a Box,Lazarus Watmore,$535197.61,false,7/22/2016
Celine: Through the Eyes of the World,Boyce Hayselden,$474383.98,false,10/4/2018
"Prisoner of Zenda, The",Aeriela Wapol,$67219.19,false,10/5/2016
Ramona and Beezus,Myron Eacle,$24993.18,true,10/21/2018
"Remember the Daze (Beautiful Ordinary, The)",Correy Aynsley,$169671.86,true,4/12/2013
April Captains (Capitães de Abril),Minna Burk,$701991.53,false,2/5/2015
Girl in the Cadillac,Albie Beggini,$709330.79,true,4/23/2018
Curse of Chucky (Child's Play 6),Claudian Surpliss,$997311.54,false,10/17/2012
Lucky Number Slevin,Neysa Turfitt,$527928.93,true,10/18/2011
"Travelling Players, The (O thiasos)",Gilemette Byrkmyr,$817862.35,false,4/11/2019
Shadow of the Thin Man,Koenraad Walding,$350205.93,false,9/16/2014
Szamanka,Tim Colegate,$726556.37,false,11/28/2017
Permanent Vacation,Abbott Clearie,$530152.03,true,2/1/2011
Muhammad Ali's Greatest Fight,Kathryn Bowering,$661415.26,true,8/18/2017
Careful,Kristel Ubsdall,$952575.88,false,1/18/2016
This So-Called Disaster,Patty Sutor,$857281.66,false,5/9/2017
"Dragonphoenix Chronicles: Indomitable, The",Alfons Maudett,$786074.13,false,5/27/2013
"Fighting Sullivans, The (Sullivans, The)",Ignace Buret,$978992.55,true,12/19/2010
Meet the Robinsons,Alexi Kedwell,$97176.23,false,9/11/2015
"Night in Old Mexico, A",Renelle Rickson,$113550.77,true,6/22/2012
"Bat Whispers, The",Alleen Simanenko,$210609.63,false,4/20/2015
Fallout,Zandra Bransgrove,$202298.61,true,2/24/2016
Klitschko,Simonne Atton,$862687.99,true,4/26/2011
B. Monkey,Rodina Harme,$816456.47,false,11/4/2010
Labor Day,Latrena Thicking,$873170.16,false,4/9/2017
Stuck,Yolane O' Mullane,$335431.54,true,11/23/2017
"Spider's Stratagem, The (Strategia del ragno)",Tania Fucher,$146788.63,true,10/23/2010
2010: The Year We Make Contact,Gillian Ottiwill,$693658.04,true,2/28/2019
Pyrates,Patty Dutnell,$154387.79,true,6/20/2015
Winter Solstice,Dacie Dymott,$350216.59,false,9/7/2013
Bad Boys,Brett Crispin,$458354.53,false,6/15/2013
Roger Dodger,Jordanna Ziehms,$685629.95,true,1/27/2016
"Stickup, The",Valeria Brugman,$105461.40,true,12/28/2013
Breaking Up,Flossi Lynock,$576874.49,true,3/29/2013
Gayby,Odella Ondra,$83844.35,false,3/26/2017
Sex Positive,Germaine Iredale,$320639.73,true,10/17/2011
Monty Python's Life of Brian,Kris Douce,$973962.38,false,9/28/2016
Best Defense,Lyn Kneeland,$202541.85,false,5/4/2011
Tinpis Run,Tildi Mathissen,$398918.24,false,5/12/2012
Bleach: Fade to Black (Bur&#299;chi Fade to Black Kimi no Na o Yobu),Mariska Tine,$882426.98,false,12/6/2014
"Night of the Hunted, The (Nuit des traquées, La)",Townie Gleave,$615121.36,true,6/14/2018
Austin Powers: International Man of Mystery,Kacy Elliston,$720370.69,true,5/9/2017
Brewster's Millions,Orbadiah Newns,$625788.15,true,10/8/2015
White Material,Opalina Besemer,$542230.21,true,8/12/2014
33 Postcards,Jourdan Jiggen,$474259.35,true,7/16/2013
Never Say... Never! (Il ne faut jurer... de rien!),Annmaria Parkinson,$462336.37,true,1/11/2011
Bloomington,Richie Beever,$479395.86,false,2/18/2013
Amityville II: The Possession,Cleopatra Wyman,$151559.33,true,1/2/2017
Captain Video: Master of the Stratosphere,Fidole Roobottom,$522541.52,false,8/20/2013
Twenty Bucks,Sauveur Gaye,$996605.81,false,12/5/2012
Red Obession,Benoit Siderfin,$870713.45,true,5/21/2011
4 for Texas,Esta Dunthorn,$944289.05,false,4/8/2013
Easy to Love,Dorthea Anwyl,$250134.33,false,12/21/2017
Restrepo,Skipp Yaakov,$974795.57,false,1/20/2012
Red Lights (Feux rouges),Douglass Benger,$454242.62,false,1/17/2014
Agatha Christie's 'Ten Little Indians' (Ten Little Indians) (And Then There Were None),Lucho Deniset,$58470.30,true,9/6/2011
K-PAX,Tuck Barcke,$871566.58,false,9/28/2013
Point of Order,Casi Gratrix,$398826.29,false,6/12/2016
Roadkill (a.k.a. Roadkill: Move or Die),Wolfgang Woollard,$318974.41,true,7/4/2010
Moving Out,Israel Muggeridge,$313316.50,true,1/14/2016
"Big Picture, The (L'homme qui voulait vivre sa vie)",Ashleigh Siggin,$145707.69,false,6/11/2014
"Mad Masters, The (Les maîtres fous)",Nestor Lawrance,$36887.41,true,8/4/2018
Faces of Death,Tabby Iannitti,$446676.27,false,7/27/2010
Funny Bones,Shaylah Boobier,$567696.34,true,5/6/2013
Captain Phillips,Malia Lonergan,$585684.18,false,10/22/2017
What Would Jesus Buy?,Ivett Whiteoak,$503137.46,false,6/29/2016
The Noble Family,Daniela Bussell,$909878.61,false,1/8/2018
Naked,Brennan Gleave,$160132.83,true,11/5/2015
"Mummy, The",Chas Colvie,$715563.72,true,11/3/2014
Coldblooded,Chilton Tupie,$270689.16,false,6/8/2018
Promise of the Flesh (Yukcheui yaksok),Kaleena Shafe,$336070.60,false,7/13/2015
Godzilla vs. Mechagodzilla (Gojira tai Mekagojira),Tiler Scawton,$862951.39,true,8/24/2012
Medora,Dallon Jellard,$289061.24,false,9/3/2012
The Other Side of the Mountain,Keefer Rizzetti,$952674.02,true,1/10/2015
Seven Days to Noon,Adina Echelle,$851034.52,true,9/6/2014
Ween Live in Chicago,Aileen Savile,$830103.64,true,10/27/2016
City of Men (Cidade dos Homens),Andriana Hanfrey,$891680.29,true,7/28/2014
Wyatt Earp,Hildegaard Ballantine,$506437.83,false,1/15/2013
Kidnapped For Christ,Carly Sprowles,$486961.25,false,10/14/2018
Ruby & Quentin (Tais-toi!),Rafe Prout,$834838.68,true,7/18/2013
Kurt Cobain: Montage of Heck,Rickie Duinkerk,$641291.81,false,11/26/2014
"New Rulers of the World, The",Riane Charer,$842855.22,true,12/26/2012
Madame Bovary,Freida Prester,$312249.13,false,6/22/2017
"Hidden Face, The (La cara oculta)",Dunstan Janu,$101776.28,false,3/22/2015
Brown of Harvard,Robin Burnhill,$601804.87,true,3/30/2018
Old Yeller,Ailina Pigford,$188631.99,true,8/9/2011
"Last of the Unjust, The (Dernier des injustes, Le)",Mireille Shipsey,$165584.80,false,9/15/2011
Hansel & Gretel,Val Garric,$688628.53,true,6/27/2013
"Omega Man, The",Maxine Lauritzen,$67462.74,false,11/14/2015
Your Friends and Neighbors,Haily Keyzor,$818713.56,true,7/15/2015
If a Tree Falls: A Story of the Earth Liberation Front,Armstrong Stanyer,$90642.89,false,5/31/2018
Mr. Nice Guy (Yat goh ho yan),Liv Tuddall,$278939.78,true,6/11/2011
Dedication,Stanly Bauckham,$696107.08,false,4/24/2011
Winter Break,Karie Cay,$83003.65,true,6/14/2013
Attack!,Nikos Greguol,$134359.50,true,7/23/2013
Napoleon Dynamite,Jenny Hedman,$69837.30,false,1/27/2014
Bill Burr: You People Are All the Same,Merna Domniney,$232443.67,false,12/4/2016
Beauty and the Beast: The Enchanted Christmas,Gisella Bertomeu,$830957.73,true,7/29/2015
It's a Bikini World,Uta Bolter,$827374.34,true,12/5/2015
Envy,Riobard Jewell,$258245.30,true,11/18/2011
Exorcismus,Leigh Haymes,$437670.38,false,1/25/2013
Nora,Bartlet Muddiman,$122933.22,false,6/3/2013
Real Men,Sal Manwaring,$783324.06,true,8/26/2013
Tarzan Escapes,Kermit Pleuman,$20659.48,true,1/27/2015
Harmagedon,Oneida Tompsett,$90481.43,false,11/12/2010
Never Talk to Strangers,Stevana Sallier,$84923.28,true,6/13/2018
Moon Child,Ronna Calow,$482792.37,false,7/30/2014
Falling Down,Elsa Klimpke,$912850.13,true,12/17/2014
2 + 2 (Dos más dos),Jany Baglan,$460384.25,false,12/10/2012
Backcountry,Mollee Storrie,$569724.97,true,1/21/2017
"Groomsmen, The",Aurilia Warret,$621607.19,true,12/14/2014
"T,O,U,C,H,I,N,G",Greggory Coard,$49363.64,true,9/7/2016
Man in the Wilderness,Curran Sankey,$86290.31,true,3/28/2016
Sahara,Gwenora Nowick,$126154.54,true,12/24/2015
Árido Movie,Cheslie McNeish,$26887.41,true,11/29/2017
True Crime,Hadley Delmonti,$541467.94,false,5/9/2011
Julian Po,Ekaterina Killough,$998111.37,true,2/16/2016
"Turtle's Tale 2: Sammy's Escape from Paradise, A (Sammy's avonturen 2) (Sammy's Adventures 2)",Pepi Currey,$254982.70,true,6/18/2015
Sling Blade,Verile Dyde,$268161.40,true,9/17/2013
Fist of the North Star,Burk Morison,$562975.27,false,2/23/2017
Ricky Gervais Live: Animals,Kendre Vossgen,$303062.05,false,4/13/2014
Half Past Dead,Cathrine Champion,$226352.41,false,1/22/2015
Strange Invaders,Shelley Caselick,$718468.77,true,3/11/2012
White Bird in a Blizzard,Alyssa Carless,$620318.95,true,1/10/2015
DeadHeads,Marchall Royston,$32628.57,true,5/13/2016
Bullitt,Nancee Tumioto,$532244.88,true,3/27/2011
Midnight Cowboy,Coop O' Markey,$11421.57,true,4/11/2017
Comes a Horseman,Haywood Gilhouley,$518511.02,true,12/15/2010
C'mon Man,Winfred Spellward,$930930.12,false,1/9/2016
Double Jeopardy,Gerri Eddies,$363524.83,true,8/9/2017
Raja,Zarla Barbosa,$950742.07,false,1/29/2018
Charlie Chan in Rio,Cly Franseco,$513061.52,false,2/4/2015
Abandon,Lowrance Van T'Hoog,$213300.32,true,9/27/2018
Dragon Ball GT: A Hero's Legacy (Doragon bôru GT: Gokû gaiden! Yûki no akashi wa sû-shin-chû),Nappy Eyles,$279804.79,true,5/3/2012
Casino Jack and the United States of Money,Julian Ellum,$246646.22,true,5/15/2019
Joan of Arc,Kristina Armstrong,$287702.71,true,3/1/2017
"Punisher, The",Kailey Quested,$134442.46,false,2/16/2015
Everything Must Go,Leoline Towell,$119548.33,false,7/7/2018
I'm All Right Jack,Madelina Selman,$190324.26,true,2/13/2012
Breaking Out (Vägen ut),Hannie Giannasi,$198521.16,false,10/6/2016
Macheads,Terrye Biggadike,$439941.02,false,9/7/2014
Saint John of Las Vegas,Jessy Rocca,$805284.13,true,12/10/2013
Suspect Zero,Katee Worsnip,$968812.82,true,1/26/2018
"Killing, The",Crystal Demangeon,$673442.27,true,4/26/2014
Raw Deal,Arda Lowther,$401354.47,false,2/20/2015
Fantomas (Fantômas - À l'ombre de la guillotine),Aggie Muldowney,$859335.42,true,7/26/2014
Second Best,Adeline Dowden,$986345.43,true,7/1/2011
Speedway,Arlene Duckit,$584720.19,true,4/19/2014
"Adventures of Baron Munchausen, The",Alon Rossoni,$836206.19,true,7/3/2016
Must Have Been Love,Alejandrina Wildin,$102864.68,false,3/23/2011
Unconscious (Inconscientes),Corey Daintree,$250801.01,true,5/17/2013
Picnic at Hanging Rock,Joshua Nitto,$124667.63,true,9/17/2012
Ghost Town,Lane Deerness,$453190.00,false,8/30/2011
Alien Trespass,Caresa Hallin,$605187.45,true,7/30/2015
Wordplay,Wenonah Tompkinson,$291243.81,true,6/5/2015
"Union, The",Steven Pyer,$871789.59,true,1/6/2016
Peter and Vandy,Winne Alleyne,$307327.36,false,1/20/2011
"Adventures of Mark Twain, The",Mildred Terrington,$632061.72,false,3/5/2016
Plankton,Jodi Darker,$57324.03,true,4/27/2019
"Oranges, The",Cassandry Cook,$583407.50,true,10/31/2018
If a Tree Falls: A Story of the Earth Liberation Front,Rona Pearsey,$308752.34,false,4/1/2016
Rosvo Roope,Cass Giamo,$337351.78,true,10/20/2017
Sundown,Griffin Cancelier,$826981.98,false,2/14/2015
"St. Francisville Experiment, The",Bibbie Lazell,$316306.40,false,9/20/2015
Elizabethtown,Jeffie Julien,$201223.94,true,9/19/2017
Repeaters ,Kale Verrico,$985467.70,true,3/27/2019
"Innocent Sleep, The",Wheeler Cahn,$482077.74,true,8/6/2011
Oliver & Company,Cole Beddis,$118229.41,true,7/13/2014
Farscape: The Peacekeeper Wars,Almeta Plewes,$756092.22,true,12/19/2011
"City of Your Final Destination, The",Burnaby Freak,$323125.55,false,8/20/2013
"Wipers Times, The",Kamila Spilsbury,$227446.12,false,2/3/2011
Time of Eve (Eve no jikan),Hilton Leeburne,$482130.40,true,11/20/2011
One Nine Nine Four,Cello Jelliman,$231530.17,false,4/11/2017
Paper Soldier (Bumazhnyy soldat),Riley Casale,$97372.75,false,11/10/2015
Miami Vice,Quintus Duffit,$870651.02,true,3/1/2012
Lost for Life,Tiphani Goley,$231685.89,true,6/14/2012
"Iran Job, The",Dreddy Palfreyman,$308642.21,false,3/19/2012
Vincent,Jorie Oganesian,$456653.59,false,9/10/2014
Here Comes the Navy,Dicky Hyatt,$857257.60,true,5/28/2012
Loving Annabelle,Orsola Cote,$809934.00,false,7/25/2013
"Silent Night, Bloody Night",Duff Durrad,$112088.33,false,5/31/2018
Kurt Cobain: Montage of Heck,Annabela Salerno,$993273.15,false,3/6/2014
8 Seconds,Fulton Dilks,$327901.23,false,3/12/2012
Three Fugitives,Stanton Griffen,$165397.93,true,7/4/2014
Late Marriage (Hatuna Meuheret),Oates Pickover,$129906.77,true,8/1/2017
Cops,Gardiner Attack,$379626.22,true,3/6/2013
Michael Jackson's This Is It,Trix Lorie,$699799.66,true,5/22/2014
"Trespasser, The",Susanetta Haughian,$526686.39,true,6/28/2010
Your Highness,Quill Longley,$170860.35,true,4/21/2013
On the Double ,Doy Hambridge,$750824.98,false,7/24/2013
Life,Camilla Grimes,$195765.89,true,4/13/2013
Hangover Square,Malanie Verrill,$220738.93,true,12/19/2011
Fear Island,Marika Cosham,$269103.25,true,12/27/2018
Mesrine: Killer Instinct (L'instinct de mort),Pamelina Abrahamowitcz,$88101.30,false,9/16/2017
Severance,Garv Brash,$395149.68,true,3/15/2011
First Monday in October,Nerita Wennam,$835058.42,true,2/12/2016
"Numbers Station, The",Elden Showers,$171255.85,false,1/22/2014
Slaughterhouse,Reeba Caps,$641851.22,true,1/16/2015
"Kiss for Corliss, A (Almost a Bride)",Colin Franckton,$266786.12,false,5/1/2014
Asterix in America (a.k.a Asterix Conquers America) (Astérix et les Indiens),Harmonia Filby,$288008.92,true,6/11/2017
Breakin' 2: Electric Boogaloo,Merrill Guppie,$857516.68,true,2/20/2013
Bordertown,Judie Campa,$148985.45,true,10/25/2014
Billion Dollar Brain,Mendy Mildner,$252445.44,false,4/19/2014
Rapado,Alvin Gogerty,$752630.48,false,11/24/2012
Snakes and Earrings (Hebi ni piasu),Flore Poore,$195058.84,false,8/23/2012
No Good Deed,Etan Denney,$23836.48,false,10/28/2010
Pride and Prejudice,Panchito Wasson,$888352.80,false,12/25/2012
"Lesser Blessed, The",Fiann Rallin,$274534.27,true,1/25/2018
Paradise,Karlotta Adiscot,$270036.41,false,2/11/2015
Big Momma's House,Grata Boggas,$877136.34,true,7/16/2010
"Shrink Is In, The",Lulu Vondrak,$625092.56,false,4/25/2016
"Dernier Combat, Le (Last Battle, The)",Friederike Roddan,$282064.21,true,9/15/2015
Regarding Henry,Alonzo Henricsson,$325665.88,false,9/30/2010
Gumshoe,Clarance Hrinchishin,$87348.62,true,8/6/2015
Disorganized Crime,Waylin Siddeley,$449303.39,false,6/28/2013
Boy Eats Girl,Garrot Foot,$796112.76,false,9/22/2011
Girls Town,Tibold Godspede,$360137.76,false,6/4/2010
Crazy Love,Demetrius Tomlinson,$410167.73,false,3/7/2019
U.S. Seals,Lorens Shovell,$330459.62,true,8/12/2013
Demon Lover Diary,Mercedes Cansfield,$731141.42,true,4/14/2016
American Heist,Owen Ramas,$995541.31,false,1/18/2019
I Can't Think Straight,Osbert Braisby,$889704.19,true,3/11/2015
Silver Linings Playbook,Lenore Czajkowska,$556272.93,false,3/28/2016
Blue Steel,Mario Harlett,$630027.64,false,2/14/2019
Zatoichi's Vengeance (Zatôichi no uta ga kikoeru) (Zatôichi 13),Trudi Roney,$360655.62,true,3/11/2019
The Expelled,Ulrick Szymanowicz,$569315.90,false,2/27/2014
Safe Conduct (Laissez-Passer),Jackie Whale,$515420.83,true,5/13/2011
Watchmen,Kayla Ickovicz,$313025.77,false,6/28/2015
Two of a Kind,Sibyl Stendall,$16318.49,true,1/2/2019
Star Trek: Insurrection,Corey Matelyunas,$835016.66,false,12/17/2013
Tess,Leeland Cadreman,$713191.00,false,11/28/2016
She's So Lovely,Chalmers Densie,$232094.26,true,10/9/2015
"Hidden Blade, The (Kakushi ken oni no tsume)",Tamarra Gerhold,$731468.37,true,9/30/2017
Stealing Beauty,Suki Tommen,$829874.56,true,3/17/2016
Skin,Kelcey Walewski,$475683.81,true,12/24/2017
Querelle,Merv Bradder,$836423.85,true,2/7/2016
"Hawk Is Dying, The",Willyt Wiper,$534142.12,false,12/17/2018
Tere Naam,Mort Bull,$750508.58,true,3/28/2013
Mr. & Mrs. Smith,Jessi Cutajar,$768979.76,false,11/1/2016
Essex Boys,Nita Kiely,$722130.45,true,12/15/2018
Reckless,Sutherlan Kembry,$836716.72,true,8/10/2012
Easy,Joete Doyle,$395636.94,false,1/21/2012
Annabel Takes a Tour (Annabel Takes a Trip),Dominick Streeten,$151207.25,true,2/8/2013
Operator 13,Lissa Linnit,$682217.79,false,3/16/2014
Birdwatchers (BirdWatchers - La terra degli uomini rossi),Jarret Cornes,$450919.32,false,8/6/2013
Six Shooter,Clay Offener,$622029.00,false,8/10/2013
Mille bolle blu,Madalyn Happert,$772091.56,true,1/17/2018
Milk and Honey,Daisi Goodisson,$639303.75,true,3/6/2017
Industrial Symphony No. 1: The Dream of the Brokenhearted,Axe Craigs,$680030.32,true,4/8/2013
Secret Ballot (Raye makhfi),Abel Bidgood,$729614.70,true,8/10/2011
20 Years After,Patten Ziemsen,$433728.04,true,5/31/2013
Plastic Paradise: The Great Pacific Garbage Patch,Jacquetta Sprowle,$643889.60,false,8/29/2017
Cabaret,Caprice Puckring,$716504.50,false,1/4/2016
"Likeable Mister R, The (Simpaticul domn R)",Clemens Fawcett,$604272.97,true,1/20/2018
Pressed,Giulio Tallach,$563173.16,false,3/31/2014
"Season for Miracles, A",Halsey Huxham,$965641.29,true,12/23/2010
Donald Glover: Weirdo,Karrie Spawell,$952704.02,false,2/19/2011
"Return of Swamp Thing, The",Walliw Dunkerley,$79647.90,false,8/25/2018
Ladies of Leisure,Inglebert Kroger,$742459.87,true,12/4/2018
Glory to the Filmmaker! (Kantoku · Banzai!),Celestina Byles,$260537.81,true,4/29/2016
Blindsight,Madella Gelderd,$778068.21,false,1/3/2014
Desert Bloom,Annabal Tringham,$880374.50,true,9/21/2014
Broken Windows,Abey Matushevitz,$601517.85,false,11/4/2016
Forsaking All Others,Julietta Muscott,$131222.64,false,1/5/2012
Renaissance Man,Fleur Wisham,$166920.89,true,9/13/2011
"Man in the White Suit, The",Marrilee Sanbrooke,$233336.81,true,12/5/2013
Mifune's Last Song (Mifunes sidste sang),Annabela Edghinn,$182956.10,false,4/14/2016
Princess (Prinsessa),Gardiner Tinson,$465947.56,false,9/19/2014
In Your Dreams (Dans tes rêves),Rurik Bryers,$736637.41,true,7/20/2016
"When You Comin' Back, Red Ryder?",Laughton Blackmore,$745900.05,true,7/26/2012
"Toxic Avenger, Part II, The",Ingamar Beales,$300406.18,true,10/1/2011
Lone Wolf and Cub: Baby Cart to Hades (Kozure Ôkami: Shinikazeni mukau ubaguruma),Diane-marie Pinchbeck,$664005.28,true,4/9/2013
Darkest Night,Jasmina Stockell,$418568.13,true,6/1/2012
The Bone Snatcher,Husein Durker,$801100.44,true,9/30/2016
Joanna,Mei Ceschini,$659819.03,true,4/19/2013
Kung Fu Dunk,Hadley Clarabut,$447609.10,false,4/18/2019
Wesley Willis: The Daddy of Rock 'n' Roll,Ashli Perdue,$783100.15,false,11/30/2011
"Uninvited, The",Clarabelle Ewence,$649145.89,true,9/8/2011
Pursuit of Happiness,Lyndy Caldayrou,$574379.67,false,11/9/2010
Phantasm II,Alleen Midghall,$975710.77,true,10/7/2013
Anchors Aweigh,Caddric Penella,$171696.25,false,9/8/2012
Kira's Reason: A Love Story (En Kærlighedshistorie),Rudd Fareweather,$289353.56,true,5/6/2014
"Thrushes Are Still Singing, The (Ta kourelia tragoudane akoma...)",Bogey MacNeish,$705071.78,false,5/19/2014
Michael Jackson: Life of a Superstar,Byrle Fernant,$87657.13,false,9/23/2016
"Kid & I, The",Beatrisa Okill,$286957.88,false,11/18/2014
Stop Train 349,Caprice Cluatt,$407805.03,false,3/29/2012
Mothlight,Fergus McGillacoell,$270984.91,true,3/18/2017
"Thief of Paris, The (Le voleur)",Hugh Marre,$849392.25,true,11/19/2010
Superdad,Norman Reeders,$736050.18,true,7/24/2010
Melancholia,Benjamin Lunt,$813187.69,true,2/8/2013
Little Fockers,Kimbra Peterffy,$677484.16,true,1/31/2011
"Spiral Staircase, The",Anabal Mcwhinney,$954407.59,false,3/21/2017
That Cold Day in the Park,Hunter Ohlsen,$599449.21,true,5/28/2017
"Slingshot, The (Kådisbellan)",Carver Brixey,$929407.81,false,9/24/2016
Dynamite Girl (Dynamiittityttö),Arline Prall,$765107.61,true,7/11/2011
Jefferson in Paris,Jed Kennally,$836231.14,false,2/25/2019
"Secret, The",Karney Loseby,$356033.27,true,9/27/2015
Ciao Bella,Steffane Stanyforth,$399689.61,false,12/14/2015
Return to Life,Charlie Garrat,$442886.39,true,8/23/2012
Dirty Story,Elston Stormonth,$322156.83,false,8/15/2016
"Private Life of Don Juan, The",Tori McGrady,$101356.00,true,9/15/2011
Saint Joan,Evy Timbs,$294495.75,true,7/22/2014
The Night Evelyn Came Out of the Grave,Clarita Ielden,$876632.82,true,7/31/2013
My One and Only,Jonis Trousdale,$863315.91,false,12/12/2013
Branded,Shermy Chestnut,$124965.35,true,10/18/2012
Back Street,Buffy Normanvill,$819869.68,true,4/13/2012
"Mayor of Hell, The",Jami Maas,$779085.97,false,2/23/2012
The Cat's Out,Jo Petrescu,$815438.66,false,10/7/2010
"Late Shift, The",Veda Iacobacci,$227074.82,true,10/30/2014
Barry Lyndon,Maribelle Pottinger,$729006.87,false,5/12/2015
R100,Levy Blowen,$427922.46,true,4/18/2016
"Package, The",Liliane Maxweell,$940505.68,false,5/17/2013
Bleeder,Natala McCrum,$200289.32,true,6/22/2014
"Art of War, The",Redd Orrell,$700771.99,true,5/7/2013
Crimson Tide,Jania Danihelka,$680009.44,false,2/2/2018
Homeward Bound: The Incredible Journey,Filide Massow,$956137.92,true,8/22/2013
"Fine Mess, A",Viva Langhorne,$992325.50,true,9/14/2018
"Internecine Project, The",Joshia Dumbreck,$494960.03,false,10/2/2011
Emergency Squad,Gilly Merriton,$911854.39,true,11/18/2011
Chicken Little,Farra Konertz,$82891.82,true,10/27/2010
Abraham Lincoln: Vampire Hunter,Andy Cardis,$112760.13,true,4/18/2011
"Return of the Pink Panther, The",Gerick Bossom,$27182.53,true,2/1/2014
"City of the Living Dead (a.k.a. Gates of Hell, The) (Paura nella città dei morti viventi)",Ingaborg Farans,$364977.98,false,7/22/2010
Guy and Madeline on a Park Bench,Daphene Born,$173669.07,false,12/4/2012
What Ever Happened to Baby Jane?,Orsola Stickings,$412458.13,false,3/17/2019
Mike Birbiglia: What I Should Have Said Was Nothing,Almire Ivashkin,$235498.38,false,11/10/2013
21,Catina Cassley,$621203.75,true,2/17/2013
Aqua Teen Hunger Force Colon Movie Film for Theaters,Trumaine Connal,$470422.89,true,3/4/2014
Random Harvest,Phil Mourant,$31748.40,false,6/10/2017
Skin Deep,Ara Brundrett,$497506.99,true,9/26/2015
"Art of Dying, The (El Arte de Morir)",Enid Tales,$569069.89,false,8/16/2013
Clambake,Connor Cheshir,$61952.06,true,7/21/2013
Atlantis: The Lost Empire,Dylan Brimacombe,$705516.54,false,6/27/2013
Athena,Itch Souster,$593555.36,true,10/8/2011
Pretty Sweet,Hort Gallegos,$366512.05,false,1/23/2019
A Cinderella Story: Once Upon a Song,Patrizius Kirtlan,$691659.26,false,11/7/2010
"Cougars, Inc.",Heath Babinski,$807306.35,false,4/21/2014
6 Bullets,Marlow Flowerden,$120107.36,true,8/10/2016
Actresses (Actrices),Leigh Learmonth,$668967.27,true,1/22/2013
Spark: A Burning Man Story,Jacquie Dumbellow,$345135.24,false,7/1/2012
Marius,Freedman Shenley,$291764.31,true,1/5/2012
Extreme Ops,Kathleen Saur,$521990.30,true,3/29/2014
On the Outs,Truman McGilroy,$582665.60,false,8/6/2011
Los Marziano,Neila Llopis,$870998.39,false,10/18/2013
Charlotte Sometimes,Ardith Hyndman,$803305.23,false,5/21/2014
Major Payne,Misha Durning,$226989.61,true,12/21/2016
"Uninvited, The",Deirdre Whistance,$816235.39,false,5/11/2017
I Am,Jesus Hanson,$563063.24,false,6/23/2018
One-Eyed Jacks,Aline Lembke,$241001.77,false,3/9/2012
Fear and Trembling (Stupeur et tremblements),Osborn Colebourn,$103770.45,false,9/15/2011
Interrogation (Przesluchanie),Barty Brettor,$545775.14,true,3/14/2011
Under Our Skin,Gabi Boak,$620766.98,false,3/2/2019
"Rock, The",Ruthie Denison,$577149.88,false,7/17/2018
Clear History,Candace Bambery,$968345.29,true,1/27/2013
Eraser,Hector Plett,$866078.63,false,3/10/2019
"Boot, Das (Boat, The)",Matti Dell Casa,$386934.49,false,8/25/2013
Hangar 18,Ivar Cardiff,$800356.49,true,10/2/2018
Home of the Brave,Ceil Edsall,$552564.97,false,3/5/2019
Sonny,Kylila Girardy,$493906.25,false,5/16/2017
Nô,Babbie Senyard,$224084.37,true,6/7/2014
I Am Divine,Jeddy Hewlings,$585044.71,false,4/2/2016
Dream for an Insomniac,Gib Friman,$716602.52,false,10/2/2010
Gladiator,Florri Alekhov,$503447.94,false,12/17/2013
Bomb the System,Gary Vasovic,$156442.85,false,9/17/2013
And Now My Love (Toute une vie),Merilyn McMains,$661466.88,false,8/5/2014
"Star for Two, A",Consolata Gresham,$147154.24,true,9/30/2013
"Squid and the Whale, The",Noreen Jirick,$138804.87,false,7/8/2014
"Missing Person, The",Myranda Arundel,$79515.36,false,2/9/2017
Cyrano de Bergerac,Koenraad Macieiczyk,$491368.26,false,11/18/2014
Adios Sabata,Scarlet Lainge,$627147.55,false,2/20/2019
Waitress,Wilfrid Avramovsky,$537611.73,true,12/10/2017
Green Dolphin Street,Mathilde Badger,$729703.66,false,12/25/2010
"Door in the Floor, The",Aime Lamacraft,$433712.13,true,6/9/2018
Moon 44,Reinaldo Camillo,$966416.15,true,11/6/2013
Homevideo,Berget Toxell,$597052.38,true,1/28/2018
Green Lantern: First Flight,Tanney Gretham,$725894.20,true,6/9/2010
Hamoun,Adrianna Rampage,$395510.15,true,9/2/2018
Wild China,Anabel Bend,$486576.19,true,11/13/2013
"Limits of Control, The",Concettina Spear,$989781.96,false,12/30/2011
Disorder,Engracia Gantlett,$175895.32,false,12/19/2010
Skylark,Harman Rowlinson,$133076.10,true,8/18/2016
Giorgino,Frederik Critchlow,$477157.92,false,9/22/2017
Two Mules for Sister Sara,Tiler Keilty,$34652.13,true,8/15/2013
Westworld,Audre Pullar,$478005.20,false,8/7/2010
Bird People,Lotte Duchart,$509126.41,false,4/13/2015
Code Name Coq Rouge,Paulette Keele,$591159.53,true,3/11/2014
City in the Sea,Billi Geertje,$984478.34,true,12/7/2018
Short Cuts,Elle Chang,$390341.00,false,8/23/2012
Cattle Queen of Montana,Candace Grioli,$255608.01,true,8/25/2018
Little Men,Tobi Belsher,$387230.90,true,3/18/2017
"See Here, Private Hargrove",Bili Tacon,$335019.60,true,4/8/2019
Johnny Be Good,Michail Sturch,$287290.55,true,5/31/2014
Defenders of Riga,Beatriz Carswell,$434711.84,false,8/15/2018
"Creeping Flesh, The",Jyoti Revel,$65023.26,false,5/30/2019
"Battle of the Rails, The (La bataille du rail)",Abner Attree,$510783.49,true,9/28/2013
Genghis Khan,Thelma Lentsch,$707671.36,true,9/6/2010
Lebanon,Donetta Tribe,$125277.81,false,12/6/2015
Missile to the Moon,Rhodie Degoey,$541508.71,true,4/13/2016
Kismet,Hewie Grantham,$894215.52,true,7/1/2010
#chicagoGirl: The Social Network Takes on a Dictator,Manda Rusbridge,$994084.58,false,5/10/2012
Fools' Parade,Angele Klisch,$454494.64,true,5/4/2019
Superclásico,Dede Maiklem,$352531.48,true,6/21/2015
The Good Lie,Silvio Langthorn,$865472.88,false,2/19/2015
Night Crossing,Aldric Van der Son,$556571.15,false,4/14/2011
Winter Solstice,Cindy Phipps,$273435.71,true,5/29/2013
Enemy,Maia Arnett,$390759.09,true,1/16/2019
Madeleine,Conni Tarver,$497869.73,true,8/20/2012
LOL,Perri Ramage,$691249.46,false,3/29/2015
Meek's Cutoff,Lek Viggars,$438268.58,false,7/12/2013
The Last Word,Hieronymus Maving,$127958.88,true,11/16/2018
Paintball,Sissie Sharpin,$494774.00,false,11/28/2017
Summer of Fear,Ignace McLean,$46496.90,false,10/18/2015
Dead in the Water,Sandi Beggi,$230047.86,true,2/15/2018
"Awful Dr. Orlof, The (Gritos en la Noche)",Sollie Harner,$128970.54,true,2/17/2011
Carriage to Vienna,Lee Halegarth,$637378.79,true,7/18/2011
American Beauty,Fianna Balmann,$224113.96,true,11/30/2015
I Am Fishead,Phillip Tasseler,$388153.53,true,2/20/2018
Ice Castles,Robbert Gasgarth,$867327.32,true,10/22/2015
Isolation,Kalvin Barents,$30325.75,true,8/3/2015
Cemetery Man (Dellamorte Dellamore),Raviv Geikie,$793318.86,false,5/2/2012
Bad Lieutenant: Port of Call New Orleans,Emile Elrick,$517974.38,true,6/5/2015
That Touch of Mink,Amelie Portal,$215870.39,false,10/29/2017
Days and Hours (Kod amidze Idriza),Meagan Normanvill,$122217.90,false,1/7/2011
"Gypsy Moths, The",Camala Osborne,$362660.42,false,10/10/2018
Fuck Up,Dasie Balfour,$448200.78,true,6/19/2010
Queen: Days of Our Lives,Mitchell Snaden,$933198.08,false,11/1/2013
End Game,Hervey Karmel,$86774.34,true,3/31/2016
"I Love You, Don't Touch Me!",Neila Ingleby,$679363.67,true,10/23/2011
Hello Herman,Jamima Roumier,$62099.38,true,11/19/2013
"Octopus, The (Le poulpe)",Sigrid Millichap,$51238.50,true,4/5/2018
"Pixar Story, The",Matias Holleworth,$558581.17,false,9/22/2013
Lost in America,Zsazsa Graeme,$447498.37,false,10/17/2011
Chilly Scenes of Winter (Head Over Heels),Colan Rainford,$570887.77,false,9/12/2018
Dampfnudelblues,Ilyse Bootton,$931652.15,false,11/24/2016
Thawing Out (La fonte des neiges) ,Jonie Kirkness,$926241.57,true,5/16/2017
To the Left of the Father (Lavoura Arcaica),Amabel Burchess,$799114.34,true,5/23/2012
"Porn Theater (Chatte à deux têtes, La)",Marquita Kinworthy,$310983.15,false,9/15/2011
Interrogation (Przesluchanie),Ruthy Joselin,$432475.50,false,11/15/2015
"See You Tomorrow, Everyone",Ivy Chalker,$674700.44,true,9/10/2011
Hearts of the West,Sonnie Slingsby,$29209.44,false,11/1/2013
Mercy,Teodor Wombwell,$704228.18,true,12/29/2012
Meet Bill,Karia Duplock,$738317.92,true,12/4/2017
Crossroads,Blanch Cobbold,$619914.77,true,1/26/2015
Oxy-Morons,Wallie Palister,$930608.97,false,4/28/2016
